5809;98.9;AUTO FALANTE LOGITECH Z523 BIVOLT
5805;369;AUTO FALANTE LOGITECH Z906 51 BIVOLT
33681;649;BARRA DE SOM BOSE SOUNDTOUCH 300 767520-1100 BIVOLT PRETO
41614;115;BARRA DE SOM SONY HT-S100F  2 CANALES PRETO
24237;20;CABO DE AUDIO BEATS MHDV2G/A C/CONTROL VERMELHO - PRETO
32289;55;"ESTOJO APPLE MM202AM/A P/IPAD PRO 97"" COVER BRANCO"
40791;129;FONDE DE OUVIDO WIRELESS SONY WF-SP700N  BRANCO
40790;129;FONDE DE OUVIDO WIRELESS SONY WF-SP700N  PRETO
24956;112;FONE DE OUVIDO  MDR-EX750BT BLUETOOTH/NFC AMARELO
24905;112;FONE DE OUVIDO  MDR-EX750BT BLUETOOTH/NFC AZUL
24954;112;FONE DE OUVIDO  MDR-EX750BT BLUETOOTH/NFC ROSA
39947;12;FONE DE OUVIDO AIWA AW-660BT C/ MICROFONE BLUETOOTH PRETO / VERMELHO
38674;9.9;FONE DE OUVIDO AIWA AW1 WAVE  COM MICROFONE PRETO
38675;9.9;FONE DE OUVIDO AIWA AW1 WAVE COM MICROFONE PRATA/PRETO
38676;9.9;FONE DE OUVIDO AIWA AW1 WAVE COM MICROFONE PRETO/VERMELHO
38555;9.9;FONE DE OUVIDO AIWA AW1 WAVE CON MICROFONO PRETO/DOURADO
38064;23.9;FONE DE OUVIDO AIWA AW2 PRO BLUETOOTH AZUL
38633;23.9;FONE DE OUVIDO AIWA AW2 PRO C/MICROF E BT BRANCO
38680;23.9;FONE DE OUVIDO AIWA AW2 PRO COM MICROF E BT PRETO
41244;39;FONE DE OUVIDO AIWA AW4 TURBO C/MICROFONO PRETO
38678;9.9;FONE DE OUVIDO AIWA HP-X107B C/ MICROFONO PRETO
40053;9.9;FONE DE OUVIDO AIWA HP-X107W CON MICROFONO BRANCO
29746;146;FONE DE OUVIDO APPLE MMEF2AM/A AIRPODS BT BRANCO
36367;95;FONE DE OUVIDO ASUS ROG ORION PRETO/VERMELHO
41131;205;FONE DE OUVIDO BEATS  SOLO 3  MP162LL/A  VERMELHO C�TRICO
41114;118;FONE DE OUVIDO BEATS  X   MATTE PRATA
26200;110;FONE DE OUVIDO BEATS ML992LL/A EP PRETO
26720;110;FONE DE OUVIDO BEATS ML9A2LL/A EP BRANCO
26633;110;FONE DE OUVIDO BEATS ML9C2LL/A EP VERMELHO
26634;110;FONE DE OUVIDO BEATS ML9D2LL/A EP AZUL
34597;78;FONE DE OUVIDO BEATS MP172LL/A URBEATS LILAS
39396;279;FONE DE OUVIDO BEATS MQ562LL/A STUDIO 3 WLS PRETO
39398;279;FONE DE OUVIDO BEATS MQ572LL/A STUDIO 3 WLS BRANCO
39397;279;FONE DE OUVIDO BEATS MQCY2LL/A STUDIO 3 WLS AZUL
39401;279;FONE DE OUVIDO BEATS MQD02LL/A STUDIO 3 WLS VERMELHO
39400;279;FONE DE OUVIDO BEATS MQUF2LL/A STUDIO 3 WLS CINZA
39399;279;FONE DE OUVIDO BEATS MQUG2LL/A STUDIO 3 WLS ROSA
29721;150;FONE DE OUVIDO BEATS POWERBEATS 3 ML8W2LL/A WLS BRANCO
30946;150;FONE DE OUVIDO BEATS POWERBEATS 3 MNLX2LL/A AZUL/CINZA
29480;150;FONE DE OUVIDO BEATS POWERBEATS 3 MNLY2LL/A VERMELHO
31414;150;FONE DE OUVIDO BEATS POWERBEATS 3 MNN02LL/A WLS AMARELO
38160;150;FONE DE OUVIDO BEATS POWERBEATS 3 MPXM2LL/A WLS CINZA
38161;150;FONE DE OUVIDO BEATS POWERBEATS 3 MQ362LL/A WLS AZUL
38162;150;FONE DE OUVIDO BEATS POWERBEATS 3 MQ382LL/A WLS VERDE
28431;205;FONE DE OUVIDO BEATS SOLO 3  MNEQ2LL/A WLS PRATA
26718;205;FONE DE OUVIDO BEATS SOLO 3  MNER2LL/A WLS DOURADO
36453;205;FONE DE OUVIDO BEATS SOLO 3  MR3T2LL/A WRLS  MATTE PRATA
36447;205;FONE DE OUVIDO BEATS SOLO 3 WLS  MPXH2LL/A ASPHALT  CINZA
36451;205;FONE DE OUVIDO BEATS SOLO 3 WLS  MQ392LL/A BREAK  AZUL
26635;205;FONE DE OUVIDO BEATS SOLO 3 WLS MNEP2LL/A BRANCO
35203;205;FONE DE OUVIDO BEATS SOLO 3 WLS MP132BE/A ULTRA ROXO
26717;205;FONE DE OUVIDO BEATS SOLO 3 WLS MP582LL/A PRETO
36452;205;FONE DE OUVIDO BEATS SOLO 3 WLS MQ3C2LL/A VERDE
38136;75;FONE DE OUVIDO BEATS URBEATS 3 MQFV2LL/A BRANCO
38159;75;FONE DE OUVIDO BEATS URBEATS 3 MQFW2LL/A AZUL
41047;75;FONE DE OUVIDO BEATS URBEATS 3 MR2F2LL/A LIGHTNING MATTE CINZA
33957;118;FONE DE OUVIDO BEATS X MLYF2BE/A BRANCO
26365;89;FONE DE OUVIDO BLUETOOTH JABRA ECLIPSE 100-98200001-60 BLUETOOTH BRANCO
28316;36.3;FONE DE OUVIDO BLUETOOTH JBL T450BT BLUETOOTH AZUL
36817;349;FONE DE OUVIDO BOSE QUIETCOMFORT 35 II 789564-0010 PRETO
37819;349;FONE DE OUVIDO BOSE QUIETCOMFORT 35 II WIRELESS 789564-0020 PRATA
28370;289;FONE DE OUVIDO BOSE QUIETCONTROL 30 WIRELESS 761448-0010 PRETO
27833;229;FONE DE OUVIDO BOSE SOUNDLINK 741158-0010 AE II PRETO
27653;217;FONE DE OUVIDO BOSE SOUNDLINK AROUND EAR WIRELESS II (741158-0020) BRANCO
40109;199;FONE DE OUVIDO BOSE SOUNDSPORT FREE WIRELESS AZUL
40111;199;FONE DE OUVIDO BOSE SOUNDSPORT FREE WIRELESS LARANJA
37152;99;FONE DE OUVIDO BOSE SOUNDSPORT IN-EAR 741776-0010 PRETO
37169;99;FONE DE OUVIDO BOSE SOUNDSPORT IN-EAR 741776-0040 VERMELHO
28369;169;FONE DE OUVIDO BOSE SOUNDSPORT PULSE WIRELESS - 762518-0010 VERMELHO
28367;123;FONE DE OUVIDO BOSE SOUNDSPORT WIRELESS IN-EAR - 7615290030 CITRON
28365;123;FONE DE OUVIDO BOSE SOUNDSPORT WIRELLES IN-EAR - 761529-0020 AZUL
35815;28.9;FONE DE OUVIDO COUGAR MEGARA GAMING C/MICROFONE PRETO/LARANJA
38053;12.9;FONE DE OUVIDO HELLO KITTY HP2-06009-KHL BLUETOOTH KID ROSA
32922;18;FONE DE OUVIDO JABEES BEATING  BT 41 LARANJA
32921;18;FONE DE OUVIDO JABEES BEATING  BT 41 VERDE
32918;21;FONE DE OUVIDO JABEES BEATING PLUS-REFLECT BT 41 NEGRO/PRATA
34797;37.9;FONE DE OUVIDO JBL E25BT SYNCHROS VERDE
37643;135;FONE DE OUVIDO JBL EVEREST 310 WIRELESS METAL
37035;162.5;FONE DE OUVIDO JBL EVEREST V710 WIRELESS PRATA
41458;115;FONE DE OUVIDO JBL FREE  WIRELESS BRANCO
22756;30;FONE DE OUVIDO JBL REFLECT  MINI VERMELHO
23335;92;FONE DE OUVIDO JBL REFLECT RESPONSE BLUETOOTH AZUL
23334;92;FONE DE OUVIDO JBL REFLECT RESPONSE BLUETOOTH PRETO
23333;92;FONE DE OUVIDO JBL REFLECT RESPONSE BLUETOOTH VERMELHO
31870;16;FONE DE OUVIDO JBL SYNCHROS  E15 PRETO
31918;38.9;FONE DE OUVIDO JBL SYNCHROS  E25BT VERMELHO
29939;39.4;FONE DE OUVIDO JBL SYNCHROS  E35 AZUL
24041;32.5;FONE DE OUVIDO JBL SYNCHROS  REFLECT-I CONECTOR 35MM PRETO
22792;32.5;FONE DE OUVIDO JBL SYNCHROS  REFLECT-I VERDE ESCURO
31914;16;FONE DE OUVIDO JBL SYNCHROS E15 VERMELHO
31917;38.9;FONE DE OUVIDO JBL SYNCHROS E25BT AZUL
31920;38.9;FONE DE OUVIDO JBL SYNCHROS E25BT BRANCO
31916;38.9;FONE DE OUVIDO JBL SYNCHROS E25BT PRETO
29941;39.4;FONE DE OUVIDO JBL SYNCHROS E35 BRANCO
29940;39.4;FONE DE OUVIDO JBL SYNCHROS E35 VERMELHO
33351;60.9;FONE DE OUVIDO JBL SYNCHROS E45BT BLUETOOTH VERDE
29945;60.9;FONE DE OUVIDO JBL SYNCHROS E45BT BLUETOOTH VERMELHO
29948;69.5;FONE DE OUVIDO JBL SYNCHROS E55BT BLUETOOTH AZUL
33971;69.5;FONE DE OUVIDO JBL SYNCHROS E55BT BLUETOOTH VERDE
29949;69.5;FONE DE OUVIDO JBL SYNCHROS E55BT BLUETOOTH VERMELHO
25847;28.5;FONE DE OUVIDO JBL SYNCHROS REFLECT-I CONECTOR 35MM VERMELHO
38203;29.75;FONE DE OUVIDO JBL T110 BLUETOOTH BLUE
38312;29.75;FONE DE OUVIDO JBL T110 BLUETOOTH BRANCO
38307;29.75;FONE DE OUVIDO JBL T110 BLUETOOTH PRETO
38311;29.75;FONE DE OUVIDO JBL T110 BLUETOOTH ROSA
40009;29.75;FONE DE OUVIDO JBL T110 BLUETOOTH VERDE
28304;7.75;FONE DE OUVIDO JBL T110 INTERNO AZUL
28302;7.75;FONE DE OUVIDO JBL T110 INTRAUDITIVO PRETO
36004;16.5;FONE DE OUVIDO JBL T290  CHAMPAGNE DOURADO
28310;16.5;FONE DE OUVIDO JBL T290  ROSE GOLD
28309;16.5;FONE DE OUVIDO JBL T290  SILVER
28315;36.3;FONE DE OUVIDO JBL T450BT BLUETOOTH BRANCO
28314;36.3;FONE DE OUVIDO JBL T450BT BLUETOOTH PRETO
41887;89;FONE DE OUVIDO JBL TUNE600BTNC (JBLT600BTNCBLK) WIRELESS PRETO
41823;89;FONE DE OUVIDO JBL TUNE600BTNC (JBLT600BTNCPIK) WIRELESS ROSA
41931;96;FONE DE OUVIDO KINGSTON HX-HSCR-GM HYPER X CLOUD REVOLVER PRETO
22611;83;FONE DE OUVIDO KINGSTON HYPER X CLOUD II KHX-HSCP-GM BLK PRETO
31810;109.9;FONE DE OUVIDO KINGSTON HYPER X CLOUD REVOLVER S HX-HSCRS-GM/LA PRETO/BRANCO
28930;45.5;FONE DE OUVIDO KINGSTON HYPER X CLOUD STINGER HX-HSCS-BK-NA PRETO
28340;95;FONE DE OUVIDO LG HBS-1100 BLUETOOTH  SILVER
28341;95;FONE DE OUVIDO LG HBS-1100 BLUETOOTH CINZA
38030;45.8;FONE DE OUVIDO LOGITECH G230 GARMING (981-000552) PRETO/VERMELHO
36661;72.9;FONE DE OUVIDO LOGITECH G233 PRODIGY GAMING (981-000702) PRETO/AZUL
37751;78;FONE DE OUVIDO LOGITECH G433 71 ADVANCED (981-000651) VERMELHO
37750;78;FONE DE OUVIDO LOGITECH G433 71 ADVANCED (981-000667) PRETO
37752;78;FONE DE OUVIDO LOGITECH G433 71 ADVANCED (981-000684) AZUL
37753;78;FONE DE OUVIDO LOGITECH G433 71 WIRED (981-000682) AZUL CAMUFLADO
29860;93.5;FONE DE OUVIDO LOGITECH G633 ARTEMIS SPECTRUM 71 (981-000604)
32772;143.9;FONE DE OUVIDO LOGITECH G933 GAMING ARTEMIS SPECTRUM S/FIO PRETO/AZUL
29857;10;FONE DE OUVIDO LOGITECH H110 STEREO  PRETO
29859;7.7;FONE DE OUVIDO LOGITECH H111 STEREO P2 35 PRETO
37558;22.9;FONE DE OUVIDO LOGITECH H340 STEREO USB PRETO
41850;4.5;FONE DE OUVIDO MAXELL PLUGS  PRETO
30747;23;FONE DE OUVIDO MICROSOFT LX-3000 JUG-00013 P/PC
30744;36;FONE DE OUVIDO MICROSOFT LX-4000 7YF-00001 P/PC
30745;36.9;FONE DE OUVIDO MICROSOFT LX-6000 7XF-00001 P/PC
36736;2.95;FONE DE OUVIDO MOTOROLA EARBUDS 2 SH006 C/MICROFONE E CABO BRANCO
36735;2.95;FONE DE OUVIDO MOTOROLA EARBUDS 2 SH006 C/MICROFONE E CABO PRETO
41544;8;FONE DE OUVIDO POWERPACK CVRF-330 INALAMBRICO P/TV Y PC
41546;11;FONE DE OUVIDO POWERPACK CVRF-338  INALAMBRICO PRETO
40601;44;FONE DE OUVIDO Q-SEE Q29 PRO BLUETOOTH BRANCO
40541;44;FONE DE OUVIDO Q-SEE Q29 PRO BLUETOOTH CINZA ESPACIAL
40507;27;FONE DE OUVIDO QCY MINI 1 BLUETOOTH BRANCO
40623;27;FONE DE OUVIDO QCY MINI 1 BLUETOOTH PRETO
40231;17;FONE DE OUVIDO QCY Q26 PRO BLUETOOTH PRETO
40621;26;FONE DE OUVIDO QCY QY19 SPORT BLUETOOTH BRANCO
38681;72;FONE DE OUVIDO RAZER GAMER ELECTRA USB 71 RZ04-02220100-R3U1 PRETO/VERDE
38365;63.8;FONE DE OUVIDO RAZER HEADSET ELECTRA V2 RZ04-02210100-R3U1 PRETO
38840;44;FONE DE OUVIDO RAZER HEADSET HAMMERHEAD V2 RZ12-01730100-R3U1 PRETO/VERDE
35740;95;FONE DE OUVIDO RAZER HEADSET KRAKEN 71 V2 DIGITAL RZ04-02060200 PRETO
37790;107.9;FONE DE OUVIDO RAZER HEADSET KRAKEN 71 V2 MERCURY OVAL RZ04-02060300-R3M1 PRATA
37789;78.5;FONE DE OUVIDO RAZER HEADSET KRAKEN PRO V2 OVAL RZ04-02050500-R3U1 BRANCO
35738;78.4;FONE DE OUVIDO RAZER HEADSET KRAKEN PRO V2 RZ04-2050600 PRETO/VERDE
39011;158.5;FONE DE OUVIDO RAZER MANO'WAR WIRELESS GAMING RZ04-01490100-R3U1 PRETO
39989;190.5;FONE DE OUVIDO RAZER RZ04-02070100-R3U1 HEADSET TIAMAT 71 PRETO
41709;95.9;FONE DE OUVIDO RAZER RZ04-02350100-R3U1 HEADSET THRESHER TOURNAMENT EDITION PRETO
39320;38.5;FONE DE OUVIDO SAMSUNG BG920BWEGWW LEVEL U BRANCO
35236;55;FONE DE OUVIDO SAMSUNG EO-BG950CBEGWW FLEX PRETO
35233;55;FONE DE OUVIDO SAMSUNG EO-BG950CLEGWW FLEX AZUL
26599;8.5;FONE DE OUVIDO SAMSUNG EO-HS130 35MM CON MICROFONE AZUL
26600;8.5;FONE DE OUVIDO SAMSUNG EO-HS130 35MM CON MICROFONE ROSA
26597;8.5;FONE DE OUVIDO SAMSUNG EO-HS1303BEGWW 35MM CON MICROFONE PRETO
26598;8.5;FONE DE OUVIDO SAMSUNG EO-HS1303GEGWW 35MM CON MICROFONO VERDE
27174;8.5;FONE DE OUVIDO SAMSUNG EO-HS1303WEGWW 35 CON MICROFONE BRANCO
30148;12;FONE DE OUVIDO SAMSUNG EO-IG935 IN EAR BLANCO
30370;12;FONE DE OUVIDO SAMSUNG EO-IG935 IN EAR PRETO
39318;52;FONE DE OUVIDO SAMSUNG EO-IG955BREGWW AKG VERMELHO
39317;52;FONE DE OUVIDO SAMSUNG EO-IG955BSEGWW AKG CINZA
25565;13.6;FONE DE OUVIDO SAMSUNG EO-MG920BBEGWW BLUETOOTH  PRETO
36856;55;FONE DE OUVIDO SAMSUNG FLEX  EO-BG950CBEGWW BRANCO
37525;149;FONE DE OUVIDO SAMSUNG GEAR ICON X SM-R140 WIRELESS  CINZA
37528;149;FONE DE OUVIDO SAMSUNG GEAR ICON X SM-R140 WIRELESS PRETO
37527;149;FONE DE OUVIDO SAMSUNG GEAR ICON X SM-R140 WIRELESS ROSA
27175;13;FONE DE OUVIDO SAMSUNG IN EAR FIT EO- EG920BL  AZUL
27152;13;FONE DE OUVIDO SAMSUNG IN EAR FIT EO- EG920BR  VERMELHO
30371;62;FONE DE OUVIDO SAMSUNG LEVEL ACTIVE RUN EO-BG930CBEGWW PRETO
30372;49;FONE DE OUVIDO SAMSUNG LEVEL IN ANC EO-IG930 PRETO
37053;99;FONE DE OUVIDO SOL REPUBLIC EP1190TE BLUETOOTH VERDE
37051;99;FONE DE OUVIDO SOL REPUBLIC EP1191BL BLUETOOTH AZUL
29707;125.25;FONE DE OUVIDO SONY 71 CECHYA-0090 WIRELESS PARA PLAYSTATION 3/4 PLATINUM
40365;88.75;FONE DE OUVIDO SONY CUHYA-0080 P/PS4 Y PS3 PRETO
38787;55;FONE DE OUVIDO SONY IER-H500A HI-RES COM CABO PRETO
38871;55;FONE DE OUVIDO SONY IER-H500A/LMUC HI-RES COM CABO AZUL
38903;55;FONE DE OUVIDO SONY IER-H500A/RMUC HI-RES COM CABO ROSA
23360;119;FONE DE OUVIDO SONY MDR-100A AP  AMARELO
28347;39;FONE DE OUVIDO SONY MDR-7502 BLACK PRETO
28731;11.9;FONE DE OUVIDO SONY MDR-AS210  AMARELO
28745;11.9;FONE DE OUVIDO SONY MDR-AS210  AZUL
28743;11.9;FONE DE OUVIDO SONY MDR-AS210  PRETO
28746;11.9;FONE DE OUVIDO SONY MDR-AS210  ROSA
32896;15.9;FONE DE OUVIDO SONY MDR-AS210AP  BRANCO
32895;15.9;FONE DE OUVIDO SONY MDR-AS210AP  PRETO
28728;23.9;FONE DE OUVIDO SONY MDR-AS410  AP/ BLANCO
28738;23.9;FONE DE OUVIDO SONY MDR-AS410 AP/
28719;23.9;FONE DE OUVIDO SONY MDR-AS410 AP/ ROSA
17345;35;FONE DE OUVIDO SONY MDR-AS800AP - LARANJA
17342;35;FONE DE OUVIDO SONY MDR-AS800AP  AZUL
17343;35;FONE DE OUVIDO SONY MDR-AS800AP  BRANCO
7104;4.9;FONE DE OUVIDO SONY MDR-E9LP   AZUL
5475;4.9;FONE DE OUVIDO SONY MDR-E9LP  BRANCO
7105;4.9;FONE DE OUVIDO SONY MDR-E9LP  CINZA
5486;4.9;FONE DE OUVIDO SONY MDR-E9LP  PRETO
12024;4.9;FONE DE OUVIDO SONY MDR-E9LP  ROSA
20197;21.9;FONE DE OUVIDO SONY MDR-EX110AP   BRANCO
20196;21.9;FONE DE OUVIDO SONY MDR-EX110AP  PRETO
26291;7.5;FONE DE OUVIDO SONY MDR-EX15AP C/MICROFONO BRANCO
26187;7.5;FONE DE OUVIDO SONY MDR-EX15AP C/MICROFONO PRETO
34971;7.5;FONE DE OUVIDO SONY MDR-EX15AP COM MICROFONE AZUL CLARO
34972;7.5;FONE DE OUVIDO SONY MDR-EX15AP COM MICROFONE LILAS
34970;7.5;FONE DE OUVIDO SONY MDR-EX15AP COM MICROFONE ROSA
11809;5.9;FONE DE OUVIDO SONY MDR-EX15LP   PRETO
11559;5.9;FONE DE OUVIDO SONY MDR-EX15LP - BRANCO
11561;5.9;FONE DE OUVIDO SONY MDR-EX15LP - ROXO
11817;5.9;FONE DE OUVIDO SONY MDR-EX15LP  AZUL CLARO
11822;5.9;FONE DE OUVIDO SONY MDR-EX15LP  ROSA
24079;53;FONE DE OUVIDO SONY MDR-EX750AP - AMARELO
24127;53;FONE DE OUVIDO SONY MDR-EX750AP - PRETO
23361;53;FONE DE OUVIDO SONY MDR-EX750AP - ROSA
23350;53;FONE DE OUVIDO SONY MDR-EX750AP - VERMELHO
23363;53;FONE DE OUVIDO SONY MDR-EX750AP C/CABO AZUL
24952;112;FONE DE OUVIDO SONY MDR-EX750BT BLUETOOTH/NFC PRETO
24955;112;FONE DE OUVIDO SONY MDR-EX750BT BLUETOOTH/NFC VERMELHO
33022;123;FONE DE OUVIDO SONY MDR-EX750NA  PRETO
17350;44;FONE DE OUVIDO SONY MDR-XB450AP - AMARELO
17349;44;FONE DE OUVIDO SONY MDR-XB450AP - BRANCO
16979;44;FONE DE OUVIDO SONY MDR-XB450AP - VERMELHO
32893;59;FONE DE OUVIDO SONY MDR-XB50BSL  AZUL
32894;59;FONE DE OUVIDO SONY MDR-XB50BSR  VERMELHO
32996;46;FONE DE OUVIDO SONY MDR-XB510AS  PRETO
33686;39;FONE DE OUVIDO SONY MDR-XB550AP  AZUL
33688;39;FONE DE OUVIDO SONY MDR-XB550AP  BLANCO
33685;39;FONE DE OUVIDO SONY MDR-XB550AP  VERDE
33687;39;FONE DE OUVIDO SONY MDR-XB550AP  VERMELHO
25746;79;FONE DE OUVIDO SONY MDR-XB650BT WIRELESS AZUL
25768;79;FONE DE OUVIDO SONY MDR-XB650BT WIRELESS PRETO
25769;79;FONE DE OUVIDO SONY MDR-XB650BT WIRELESS RED
28481;84;FONE DE OUVIDO SONY MDR-XB70BT  AZUL
28443;84;FONE DE OUVIDO SONY MDR-XB70BT  PRETO
28480;84;FONE DE OUVIDO SONY MDR-XB70BT  VERMELHO
28484;104.9;FONE DE OUVIDO SONY MDR-XB80BS BLUETOOTH PRETO
28487;104.9;FONE DE OUVIDO SONY MDR-XB80BS BLUETOOTH PRETO
28486;104.9;FONE DE OUVIDO SONY MDR-XB80BS BLUETOOTH VERMELHO
33077;129;FONE DE OUVIDO SONY MDR-XB950B1 INALAMBRICO/BT AZUL
33078;129;FONE DE OUVIDO SONY MDR-XB950B1 INALAMBRICO/BT VERMELHO
12745;11.5;FONE DE OUVIDO SONY MDR-ZX110   ROSA
12746;11.5;FONE DE OUVIDO SONY MDR-ZX110  BRANCO
12743;11.5;FONE DE OUVIDO SONY MDR-ZX110  PRETO
29338;55;FONE DE OUVIDO SONY MDR-ZX220 BLUETOOTH AZUL
29320;55;FONE DE OUVIDO SONY MDR-ZX220 BLUETOOTH CINZA
20189;16.9;FONE DE OUVIDO SONY MDR-ZX310AP  BRANCO
20139;16.9;FONE DE OUVIDO SONY MDR-ZX310AP  PRETO
20169;16.9;FONE DE OUVIDO SONY MDR-ZX310AP  VERMELHO
20149;69;FONE DE OUVIDO SONY MDR-ZX330BT   PRETO
24911;89;FONE DE OUVIDO SONY MP3 NW-WS413 4GB  AZUL
25935;89;FONE DE OUVIDO SONY MP3 NW-WS413 4GB PRETO
38097;89;FONE DE OUVIDO SONY MP3 NW-WS413 4GB PRETO
25229;79;FONE DE OUVIDO SONY MP3 NW-WS413 4GB VERDE
35695;79;FONE DE OUVIDO SONY MP3 NW-WS413 4GB VERDE
35138;89;FONE DE OUVIDO SONY NW-WS623 MP3 4GB AZUL CLARO
35140;89;FONE DE OUVIDO SONY NW-WS623 MP3 4GB BRANCO
35136;89;FONE DE OUVIDO SONY NW-WS623 MP3 4GB PRETO
35137;89;FONE DE OUVIDO SONY NW-WS623 MP3 4GB VERDE ESCURO
37826;129;FONE DE OUVIDO SONY NWZ-WS625 MP3 16GB PRETO
12772;85;FONE DE OUVIDO SONY PROFESSIONAL MDR-7506  PRETO
38900;329;FONE DE OUVIDO SONY WH-1000XM2 BLUETOOTH PRETO
40759;38.5;FONE DE OUVIDO SONY WH-CH400 BLUETOOTH - NFC AZUL
40746;38.5;FONE DE OUVIDO SONY WH-CH400 BLUETOOTH - NFC CINZA
40757;38.5;FONE DE OUVIDO SONY WH-CH400 BLUETOOTH - NFC PRETO
40730;111;FONE DE OUVIDO SONY WH-CH700N BLUETOOTH / NFC CINZA
40765;111;FONE DE OUVIDO SONY WH-CH700N BLUETOOTH AZUL
40764;111;FONE DE OUVIDO SONY WH-CH700N BLUETOOTH PRETO
38899;159;FONE DE OUVIDO SONY WH-H800 BLUETOOTH PRETO
38906;197;FONE DE OUVIDO SONY WH-H900 BLUETOOTH AZUL
38907;197;FONE DE OUVIDO SONY WH-H900 BLUETOOTH ROSA
38914;249;FONE DE OUVIDO SONY WI-1000X  PRETO
40768;39.5;FONE DE OUVIDO SONY WI-C300 BLUETOOTH AZUL
40770;39.5;FONE DE OUVIDO SONY WI-C300 BLUETOOTH BRANCO
40767;39.5;FONE DE OUVIDO SONY WI-C300 BLUETOOTH PRETO
40769;39.5;FONE DE OUVIDO SONY WI-C300 BLUETOOTH VERMELHO
38909;47;FONE DE OUVIDO SONY WI-C400 BLUETOOTH BRANCO
38911;47;FONE DE OUVIDO SONY WI-C400 BLUETOOTH PRETO
38908;114;FONE DE OUVIDO SONY WI-H700 BLUETOOTH PRETO
40574;65.9;FONE DE OUVIDO SONY WI-SP500 BLUETOOTH PRETO
40782;65.9;FONE DE OUVIDO SONY WI-SP500 BLUETOOTH ROSA
40789;99;FONE DE OUVIDO SONY WI-SP600N BLUETOOTH AMARELO
40787;99;FONE DE OUVIDO SONY WI-SP600N BLUETOOTH BRANCO
40785;99;FONE DE OUVIDO SONY WI-SP600N BLUETOOTH PRETO
40786;99;FONE DE OUVIDO SONY WI-SP600N BLUETOOTH ROSA
31796;89;FONE DE OUVIDO THERMALTAKE (HT-LTM010ECWH) HEADSET LEVEL 10M BRANCO
31757;69;FONE DE OUVIDO THERMALTAKE (HT-RSO-DIECBK-13) HEADSET SHOCK 3D 71
31795;55;FONE DE OUVIDO THERMALTAKE (HT-SHK002ECBL) HEADSET SHOCK  PRETO
41779;17.9;FONE DE OUVIDO TRITTON HEADSET KAMA L72-TRI484040M02 P/XBOX ONE PRETO
41239;14.5;FONE DE OUVIDO XIAOMI LYEJ02LM BLUETOOTH PRETO
41648;19.9;FONE DE OUVIDO XIAOMI MI DUAL DRIVER  EARHPONE PRETO
41649;19.9;FONE DE OUVIDO XIAOMI MI DUAL DRIVER  EARPHONE BRANCO
41650;46.9;FONE DE OUVIDO XIAOMI MI HEADPHONES  COMFORT BRANCO
41646;11;FONE DE OUVIDO XIAOMI MI IN-EAR BASIC PRATA
31018;252;HOME AUDIO LG CM5760 13000 WATS
38215;425;HOME AUDIO LG OJ98 1800W RMS PRETO
39386;3690;HOME THEATER BOSE 650 LIFESTYLE 761683-1210 WIRELESS BIVOLT BRANCO
20141;245;HOME THEATER BOSE ACOUSTIMASS 3 741128-0200 BRANCO
36168;2940;HOME THEATER BOSE LIFESTYLE 600 WIRELESS / 110-220V BRANCO
36205;2940;HOME THEATER BOSE LIFESTYLE 600 WIRELESS 120V PRETO
39382;3690;HOME THEATER BOSE LIFESTYLE 650 WIRELESS BIVOLT PRETO
18650;145;HOME THEATER JBL CINEMA 510 51 / 110V PRETO
23955;142;HOME THEATER JBL SOUNDBAR SB150 21  WIRELESS SUBWOOFER 110V
18671;227.5;HOME THEATER JBL SOUNDBAR SB350 21/BLUETOOTH/SUBWOOFER EXTERNO WIRELESS BIVOLT PRETO
34485;355;HOME THEATER KLIPSCH SOUNDBAR RSB-6 WIRELESS SUBWOOFER BIVOLT PRETO
13145;195;HOME THEATER LG BH5140S DVD/BLURAY/500W/3D/SMART/USB 110V
38556;285;HOME THEATER LG LHB625M 3D/BLU-RAY/BT/1000W BIVOLT PRETO
7808;258;HOME THEATER SONY BDV-E2100 BRAY 3D/WIFI 220V/240V
9910;319;HOME THEATER SONY BDV-E4100 BRAY 3D/WIFI - 220-240V
34815;198;MINI SYSTEM JVC MX-KY426B BIVOLT PRETO
34766;118;MINI SYSTEM JVC UX-KY326B BIVOLT PRETO
34819;193;MINI SYSTEM JVC XS-KY71P6B  PRETO
24335;124;MINI SYSTEM LG CM4350  260W RMS USB
34561;152;MINI SYSTEM PANASONIC SC-AKX300 4GB/BT/4950W  PRETO
34563;295;MINI SYSTEM PANASONIC SC-AKX700 4GB/BT/2000W PRETO
12113;305;MINI SYSTEM SONY HCD-GPX7G 
38214;358;MINI SYSTEM SONY HCD-GT3D 
32286;305;MINI SYSTEM SONY LBT-ZX66I 560WATS PRETO
16737;190;MINI SYSTEM SONY MHC-ECL99BT USB/7700W BIVOLT
30616;565;MINI SYSTEM SONY MHC-GT4D 
32377;644;MINI SYSTEM SONY MHC-GT7DW  PRETO
25187;183;MINI SYSTEM SONY MHC-V11 BIVOLT
35222;316;MINI SYSTEM SONY MHC-V50D DVD/BT/7260W PRETO
29002;425;MINI SYSTEM SONY MHC-V77DW  PRETO
32845;3;MP3 POWERPACK  MPTF-L18 USB 20 MICRO-SD HASTA 16GB/VISOR LCD PRETO
32842;2;MP3 POWERPACK MPTF-15 USB 20 MICRO-SD HASTA 16GB AZUL
32844;2;MP3 POWERPACK MPTF-15 USB 20 MICRO-SD HASTA 16GB PRATA
32841;2;MP3 POWERPACK MPTF-15 USB 20 MICRO-SD HASTA 16GB PRETO
32843;2;MP3 POWERPACK MPTF-15 USB 20 MICRO-SD HASTA 16GB ROSA
32847;3;MP3 POWERPACK MPTF-18 USB 20 MICRO-SD HASTA 16GB/VISO LCD ROSA
32846;3;MP3 POWERPACK MPTF-L18 USB 20 MICRO-SD HASTA 16GB/VISOR LCD AZUL
32848;3;MP3 POWERPACK MPTF-L18 USB 20 MICRO-SD HASTA 16GB/VISOR LCD PRATA
21711;38;MP3 SANDISK SDMX26-008G-G46K 8GB/FM PRETO
26263;35;MP3 SANDISK �SDMX26-008G-G46G� 8GB/FM JAM VERDED
37333;169;MP3 SONY NW-A45HN 16GB AZUL
37825;169;MP3 SONY NW-A45HN 16GB PRETO
12331;48;MP3 SONY NWZ-B183F 4GB AZUL
12635;48;MP3 SONY NWZ-B183F 4GB PRETO
12637;48;MP3 SONY NWZ-B183F 4GB VERMELHO
22441;59;MP3 SONY NWZ-E393  FM/4GB PRETO
22452;59;MP3 SONY NWZ-E393 MUSICA. FOTO. FM VERMELHO
12724;21;R�DIO DESPERTADOR SONY ICF-C1/BC E92 110V PRETO
32887;22;R�DIO PORTATIL SONY ICF-19  PRETO
24830;59;R�DIO PORTATIL SONY ZS-PS50BC 110V PRETO
20413;84;R�DIO PORTATIL SONY ZS-RS60BT//CE92 
34936;24.9;R�DIO SONY PORTATIL ICF-306 PRETO
27853;240;RECEIVER HARMAN KARDON AVR 1510 (51 CH 375 WATTS) 110V PRETO
41035;345;SISTEMA DE ALTO FALANTES BOSE ST�REO ACOUSTIMASS S�RIE 5 741131-0100 PRETOD
40032;475;SOUNDBAR JBL BAR 51 WIRELESS/HDMI/USB/OPTICAL 110V
35102;139;SOUNDBAR SONY HT-CT80 220V PRETO
32973;150;SPEAKER BEATS PILL +  ML4Q2LL/A CITRUS VERMELHO
39661;530;SPEAKER BOSE RMU105  ROOM MATCH BRANCO
23582;255;SPEAKER BOSE SOUNDBAR SOLO 5 TV 732522-1110 110V PRETO
37283;104;SPEAKER BOSE SOUNDLINK MICRO 783342-0100 PRETO
37284;104;SPEAKER BOSE SOUNDLINK MICRO 783342-0500 AZUL
37184;104;SPEAKER BOSE SOUNDLINK MICRO 783342-0900 LARANJA
37760;36.75;SPEAKER GOOGLE HOME  MINI PRETO
37770;36.75;SPEAKER GOOGLE HOME MINI PRATA
36294;153;SPEAKER HARMAN KARDON AURA STUDIO 2 PRETO
36330;132;SPEAKER HARMAN KARDON ONYX STUDIO 4 AZUL
36352;132;SPEAKER HARMAN KARDON ONYX STUDIO 4 BRANCO
42089;19.9;SPEAKER JABEES BEATBOX BI PORTATIL BLUETOOTH AZUL / PRETO
41831;19.9;SPEAKER JABEES BEATBOX BI PORTATIL BLUETOOTH LARANJA COM PRETO
42114;19.9;SPEAKER JABEES BEATBOX BI PORTATIL BLUETOOTH ROSA COM PRETO
42033;19.9;SPEAKER JABEES BEATBOX BI PORTATIL BLUETOOTH VERDE / PRETO
42121;15.9;SPEAKER JABEES BEATBOX MINI PORTATIL BLUETOOTH LARANJA COM PRETO
42122;15.9;SPEAKER JABEES BEATBOX MINI PORTATIL BLUETOOTH ROSA COM PRETO
40506;70;SPEAKER JBL FLIP 4 BLUETOOTH MOSAIC VERDE CLARO (1GTA/BR)
41389;24.1;SPEAKER JBL GO 2 BLUETOOTH AZUL JEANS
41393;24.1;SPEAKER JBL GO 2 BLUETOOTH CANELA
41394;24.1;SPEAKER JBL GO 2 BLUETOOTH CHAMPANHE
41387;24.1;SPEAKER JBL GO 2 BLUETOOTH LARANJA
41356;24.1;SPEAKER JBL GO 2 BLUETOOTH VERDE FOSCO
41391;24.1;SPEAKER JBL GO 2 BLUETOOTH VERDE FOSCO
38149;112.5;SPEAKER JBL LINK 20 PRETO
40625;153.75;SPEAKER JBL LINK 300  BRANCO
38352;93.5;SPEAKER JBL PORTATIL  LINK 10 BRANCO
38200;153.75;SPEAKER JBL PORTATIL  LINK 300 PRETO
37999;321.75;SPEAKER JBL PORTATIL BOOMBOX PRETO
38927;33.5;SPEAKER JBL PORTATIL CLIP 2 CAMUFLADO
40511;70;SPEAKER JBL PORTATIL FLIP 4 BLUETOOTH SQUAD CAMUFLADO (1GTA/BR)
32961;67.8;SPEAKER JBL PORTATIL FLIP 4 BRANCO
38438;112.5;SPEAKER JBL PORTATIL LINK 20 BRANCO
36540;123.5;SPEAKER JBL PORTATIL PULSE 3 BRANCO
36011;155.5;SPEAKER JBL PORTATIL XTREME SQUAD CAMUFLADO
28673;187.9;SPEAKER LOGITECH MEGABOOM PLUM ROXO
29863;18.9;SPEAKER LOGITECH X50 BLUETOOTH AMARELO
29866;24.9;SPEAKER LOGITECH Z130  PRETO
39049;39;SPEAKER LOGITECH Z207 20 PRETO
36217;179;SPEAKER MARSHALL STOCKWELL SIN COVER US ADAPTER (04091390) PRETO
36215;450;SPEAKER MARSHALL WOBURN US ADAPTER (04090971) CREME
38823;109.9;SPEAKER MOTOROLA SPHERE + PLUS 2 EN 1 BLUETOOTH PRETO
39512;4.1;SPEAKER MTEK PS01 USB 20 PRETO
38697;8.9;SPEAKER POLAROID PS-201PRO  PRETO/ROXO
38684;8.9;SPEAKER POLAROID PS-201PRO  PRETO/VERDE
38712;19.9;SPEAKER POLAROID PS-211PRO 21 PRETO
38713;19.9;SPEAKER POLAROID PS-211PRO 21 PRETO/BRANCO
31048;59.9;SPEAKER PORT�TIL ANKER A3143H11 PREMIUM STEREO BLUETOOTH PRETO
32077;19.9;SPEAKER PORT�TIL ANKER SOUNDCORE NANO CINZA
32076;19;SPEAKER PORT�TIL ANKER SOUNDCORE NANO DOURADO
32079;19;SPEAKER PORT�TIL ANKER SOUNDCORE NANO PRATA
32078;19.9;SPEAKER PORT�TIL ANKER SOUNDCORE NANO ROSA
41023;150;SPEAKER PORT�TIL BEHRINGER PILL +  BLUETOOTH MQ312LL/A CINZA DE PEDRA
22023;150;SPEAKER PORT�TIL BEHRINGER PILL + BLUETOOTH - ML4M2LZ/A PRETO
41111;150;SPEAKER PORT�TIL BEHRINGER PILL + BLUETOOTH - MQ352LL/A VERDE FOSCO
22953;150;SPEAKER PORT�TIL BEHRINGER PILL+  BLUETOOTH - ML4P2LZ/A BRANCO
19455;385;SPEAKER PORT�TIL BOSE COMPANION 5 110V 40326
35468;115;SPEAKER PORT�TIL BOSE SOUNDLINK COLOR II 110V 752195-0100 PRETO
35465;115;SPEAKER PORT�TIL BOSE SOUNDLINK COLOR II 110V 752195-0200 BRANCO
35462;115;SPEAKER PORT�TIL BOSE SOUNDLINK COLOR II 110V 752195-0500 AZUL
32428;285;SPEAKER PORT�TIL BOSE SOUNDLINK REVOLVE +  739617-1310 BIVOLT CINZA
32427;285;SPEAKER PORT�TIL BOSE SOUNDLINK REVOLVE + 739617-1110 120V PRETO
32426;185;SPEAKER PORT�TIL BOSE SOUNDLINK REVOLVE 739523-1310 BIVOLT CINZA
37084;180;SPEAKER PORT�TIL BOSE SOUNDTOUCH 10 731396-1200 BRANCO
22006;330;SPEAKER PORT�TIL BOSE SOUNDTOUCH 20 III 738063-1100 WIFI PRETO
31995;330;SPEAKER PORT�TIL BOSE SOUNDTOUCH 20 III 738063-1200 BRANCO
31996;475;SPEAKER PORT�TIL BOSE SOUNDTOUCH 30 738102-1100 110V PRETO
31997;475;SPEAKER PORT�TIL BOSE SOUNDTOUCH 30 738102-1200 110V BRANCO
28569;85;SPEAKER PORT�TIL HARMAN KARDON HKADAPTBLKAM HD WIRELESS 
23575;145;SPEAKER PORT�TIL HARMAN KARDON OMNI 10+ BLUETOOTH/WIRELESS PRETO
23576;152;SPEAKER PORT�TIL HARMAN KARDON OMNI 20 BLUETOOTH PRETO
27831;75;SPEAKER PORT�TIL HARMAN KARDON ONYX MINI BRANCO
29836;89;SPEAKER PORT�TIL HOUSE OF MARLEY RIDDIM BT  EM-JA012-SB
29650;19;SPEAKER PORT�TIL ILUV AUDSHWRWH  PARA CHUVEIRO BLUETOOTH BRANCO
37900;321.75;SPEAKER PORT�TIL JBL BOOMBOX  VERDE
39319;98.5;SPEAKER PORT�TIL JBL CHARGE 3 (1GTA BR) AZUL
39336;98.5;SPEAKER PORT�TIL JBL CHARGE 3 (1GTA BR) PRETO
39316;98.5;SPEAKER PORT�TIL JBL CHARGE 3 (1GTA BR) VERMELHO
23930;98.5;SPEAKER PORT�TIL JBL CHARGE 3 BLUETOOTH AZUL
41769;33.5;SPEAKER PORT�TIL JBL CLIP 2  (1GTA/BR) PRETO
26165;33.5;SPEAKER PORT�TIL JBL CLIP 2 BLUETOOTH AZUL
26156;33.5;SPEAKER PORT�TIL JBL CLIP 2 BLUETOOTH CINZA
25430;33.5;SPEAKER PORT�TIL JBL CLIP 2 BLUETOOTH. CONECTOR 35MM VERMELHO
41816;46.75;SPEAKER PORT�TIL JBL CLIP 3 3W AZUL OCEANO
41788;46.75;SPEAKER PORT�TIL JBL CLIP 3 3W CINZA DE PEDRA
41517;46.75;SPEAKER PORT�TIL JBL CLIP 3 3W PRETO MEIA NOITE
41817;46.75;SPEAKER PORT�TIL JBL CLIP 3 3W VERDE FLORESTA
41818;46.75;SPEAKER PORT�TIL JBL CLIP 3 3W VERMELHO FESTA
30901;70;SPEAKER PORT�TIL JBL FLIP 4  BLUETOOTH AZUL
30835;70;SPEAKER PORT�TIL JBL FLIP 4 BLUETOOTH PRETO
40508;70;SPEAKER PORT�TIL JBL FLIP 4 BLUETOOTH VERDE CLARO (1GTA/BR)
40436;70;SPEAKER PORT�TIL JBL FLIP 4 BLUETOOTH VERMELHO (1GTA/BR)
41379;24.1;SPEAKER PORT�TIL JBL GO 2 BLUETOOTH AZUL
40137;18;SPEAKER PORT�TIL JBL GO BLUETOOTH (1GTA/BR) AMARELO
40131;18;SPEAKER PORT�TIL JBL GO BLUETOOTH (1GTA/BR) AZUL
40136;18;SPEAKER PORT�TIL JBL GO BLUETOOTH (1GTA/BR) AZUL CLARO
40139;18;SPEAKER PORT�TIL JBL GO BLUETOOTH (1GTA/BR) LARANJA
40115;18;SPEAKER PORT�TIL JBL GO BLUETOOTH (1GTA/BR) PRATA
40129;18;SPEAKER PORT�TIL JBL GO BLUETOOTH (1GTA/BR) PRETO
40134;18;SPEAKER PORT�TIL JBL GO BLUETOOTH (1GTA/BR) ROSA
18757;18;SPEAKER PORT�TIL JBL GO BLUETOOTH AMARELO
19739;18;SPEAKER PORT�TIL JBL GO BLUETOOTH AZUL
19651;18;SPEAKER PORT�TIL JBL GO BLUETOOTH LARANJA
19736;18;SPEAKER PORT�TIL JBL GO BLUETOOTH PRETO
19737;18;SPEAKER PORT�TIL JBL GO BLUETOOTH VERMELHO
38092;93.5;SPEAKER PORT�TIL JBL LINK 10 PRETO
35555;95.5;SPEAKER PORT�TIL JBL PLAYLIST 150 WIRELESS HOME AZUL
35353;95.5;SPEAKER PORT�TIL JBL PLAYLIST 150 WIRELESS HOME BRANCO
35556;95.5;SPEAKER PORT�TIL JBL PLAYLIST 150 WIRELESS HOME PRETO
41964;33;SPEAKER PORTATIL JBL WIND 3W P/ CICLISMO BLUETOOTH  80DB PRETO / LARANJA
40005;155.5;SPEAKER PORT�TIL JBL XTREME (GTIA 1 ANO BR) PRETO
41697;235;SPEAKER PORT�TIL JBL XTREME 2 20W AZUL OCEANO
41516;235;SPEAKER PORT�TIL JBL XTREME 2 20W PRETO MEIA NOITE
41746;235;SPEAKER PORT�TIL JBL XTREME 2 20W VERDE FLORESTA
22001;155.5;SPEAKER PORT�TIL JBL XTREME BLUETOOTH PRETO
21999;155.5;SPEAKER PORT�TIL JBL XTREME BLUETOOTH VERMELHO
21819;155.5;SPEAKER PORT�TIL JBL XTREME RESISTENTE AGUA AZUL
27888;23.9;SPEAKER PORT�TIL LOGITECH BLUETOOTH (980-001277) PRETO
28657;139;SPEAKER PORT�TIL LOGITECH BOOM 2 PHANTOM  EDITION
28671;13.9;SPEAKER PORT�TIL LOGITECH PARA PC S120 20 110V PRETO
28672;65;SPEAKER PORT�TIL LOGITECH PARA PC Z323 21
32002;86;SPEAKER PORT�TIL LOGITECH UE ROLL 2  VOLCANO PRETO
32005;86;SPEAKER PORT�TIL LOGITECH UE ROLL 2 VOLCANO AZUL
29861;18.9;SPEAKER PORT�TIL LOGITECH X50 BLUETOOTH AZUL
29862;18.9;SPEAKER PORT�TIL LOGITECH X50 BLUETOOTH CINZA
39721;18.9;SPEAKER PORT�TIL LOGITECH X50 BLUETOOTH VERDE
23888;44.9;SPEAKER PORT�TIL LOGITECH Z313 21 110V PRETO
5807;69;SPEAKER PORT�TIL LOGITECH Z506 51 BIVOLT PRETO
23790;37;SPEAKER PORT�TIL MIFA F5 - AMARELO
23792;42;SPEAKER PORT�TIL MIFA F6 ARMYN  BLUETOOTH VERDE
23793;47.71;SPEAKER PORT�TIL MIFA MIFA F7 - DOURADO
28974;29;SPEAKER PORT�TIL MULTILASER AU-201 BT PRETO
31345;81;SPEAKER PORT�TIL PRECISION PA0825B BTH 2500W PRETO
39692;195;SPEAKER PORT�TIL SONY GTK-XB5  PRETO
39786;195;SPEAKER PORT�TIL SONY GTK-XB5 BLUETOOTH VERDE
39787;195;SPEAKER PORT�TIL SONY GTK-XB5 BLUETOOTH VERMELHO
24942;135;SPEAKER PORT�TIL SONY SRS-HG1 BLUETOOTH 42/NFC AZUL
24941;135;SPEAKER PORT�TIL SONY SRS-HG1 BLUETOOTH 42/NFC PRETO
24943;135;SPEAKER PORT�TIL SONY SRS-HG1 BLUETOOTH 42/NFC ROSA
24945;135;SPEAKER PORT�TIL SONY SRS-HG1 BLUETTOTH 42/NFC AMARELO
24944;135;SPEAKER PORT�TIL SONY SRS-HG1 BLUETTOTH 42/NFC VERMELHO
24948;395;SPEAKER PORT�TIL SONY SRS-X99 154 WATTS/BLUETOOTH PRETO
24095;21;SPEAKER PORT�TIL TP-LINK BS1001  GROOVI  PRETO
39771;195;SPEAKER SONY GTK-XB5BL  AZUL
34955;37.9;SPEAKER SONY PORTATIL SRS-XB10 AMARELO
34952;37.9;SPEAKER SONY PORTATIL SRS-XB10 AZUL
34954;37.9;SPEAKER SONY PORTATIL SRS-XB10 BRANCO
34949;37.9;SPEAKER SONY PORTATIL SRS-XB10 PRETO
34951;37.9;SPEAKER SONY PORTATIL SRS-XB10 VERDE
34953;37.9;SPEAKER SONY PORTATIL SRS-XB10 VERMELHO
40558;69;SPEAKER SONY PORTATIL SRS-XB21  AMARELO
40550;69;SPEAKER SONY PORTATIL SRS-XB21  AZUL
40557;69;SPEAKER SONY PORTATIL SRS-XB21 BRANCO
40546;69;SPEAKER SONY PORTATIL SRS-XB21 PRETO
40556;69;SPEAKER SONY PORTATIL SRS-XB21 VERMELHO
34966;96;SPEAKER SONY PORTATIL SRS-XB30 BRANCO
34965;96;SPEAKER SONY PORTATIL SRS-XB30 VERMELHO
40565;99;SPEAKER SONY PORTATIL SRS-XB31  AMARELO
40561;99;SPEAKER SONY PORTATIL SRS-XB31  AZUL
40563;99;SPEAKER SONY PORTATIL SRS-XB31  BRANCO
40562;99;SPEAKER SONY PORTATIL SRS-XB31  VERMELHO
40560;99;SPEAKER SONY PORTATIL SRS-XB31 PRETO
40567;149;SPEAKER SONY PORTATIL SRS-XB41  AZUL
40570;149;SPEAKER SONY PORTATIL SRS-XB41  BRANCO
40569;149;SPEAKER SONY PORTATIL SRS-XB41  VERMELHO
40566;149;SPEAKER SONY PORTATIL SRS-XB41 PRETO
34941;96;SPEAKER SONY SRS-XB30  VERDE
24950;195;SPEAKER SONY SRS-ZR7  BRANCO
41886;19;SUPORTE ILUV CLIPBACKWH  PARA AIRPODS BRANCO
